"Part";"Value";"Device";"Package";"Description";"ARROW_PART_NUMBER";"ARROW_PRICE-STOCK";"AVAILABILITY";"DESCRIPTION";"HEIGHT";"MANUFACTURER_NAME";"MANUFACTURER_PART_NUMBER";"MF";"MOUSER_PART_NUMBER";"MOUSER_PRICE-STOCK";"MP";"MPN";"OC_FARNELL";"OC_NEWARK";"PACKAGE";"POPULARITY";"PRICE";"PURCHASE-URL";"SPICEPREFIX";
"C1";"";"C-EUC1206";"C1206";"CAPACITOR, European symbol";"";"";"";"";"";"";"";"";"";"";"";"";"";"";"";"54";"";"";"C";
"C2";"";"C-EUC1206";"C1206";"CAPACITOR, European symbol";"";"";"";"";"";"";"";"";"";"";"";"";"";"";"";"54";"";"";"C";
"C3";"";"C-EUC1206";"C1206";"CAPACITOR, European symbol";"";"";"";"";"";"";"";"";"";"";"";"";"";"";"";"54";"";"";"C";
"C4";"";"C-EUC1206";"C1206";"CAPACITOR, European symbol";"";"";"";"";"";"";"";"";"";"";"";"";"";"";"";"54";"";"";"C";
"C5";"";"C-EUC1206";"C1206";"CAPACITOR, European symbol";"";"";"";"";"";"";"";"";"";"";"";"";"";"";"";"54";"";"";"C";
"C6";"";"C-EUC1206";"C1206";"CAPACITOR, European symbol";"";"";"";"";"";"";"";"";"";"";"";"";"";"";"";"54";"";"";"C";
"C7";"";"C-EUC1206";"C1206";"CAPACITOR, European symbol";"";"";"";"";"";"";"";"";"";"";"";"";"";"";"";"54";"";"";"C";
"C8";"";"C-EUC1206";"C1206";"CAPACITOR, European symbol";"";"";"";"";"";"";"";"";"";"";"";"";"";"";"";"54";"";"";"C";
"C9";"";"C-EUC1206";"C1206";"CAPACITOR, European symbol";"";"";"";"";"";"";"";"";"";"";"";"";"";"";"";"54";"";"";"C";
"C10";"";"C-EUC1206";"C1206";"CAPACITOR, European symbol";"";"";"";"";"";"";"";"";"";"";"";"";"";"";"";"54";"";"";"C";
"C11";"";"C-EUC1206";"C1206";"CAPACITOR, European symbol";"";"";"";"";"";"";"";"";"";"";"";"";"";"";"";"54";"";"";"C";
"C12";"";"C-EUC1206";"C1206";"CAPACITOR, European symbol";"";"";"";"";"";"";"";"";"";"";"";"";"";"";"";"54";"";"";"C";
"C13";"";"C-EUC1206";"C1206";"CAPACITOR, European symbol";"";"";"";"";"";"";"";"";"";"";"";"";"";"";"";"54";"";"";"C";
"C14";"";"C-EUC1206";"C1206";"CAPACITOR, European symbol";"";"";"";"";"";"";"";"";"";"";"";"";"";"";"";"54";"";"";"C";
"C15";"";"C-EUC1206";"C1206";"CAPACITOR, European symbol";"";"";"";"";"";"";"";"";"";"";"";"";"";"";"";"54";"";"";"C";
"C16";"";"C-EUC1206";"C1206";"CAPACITOR, European symbol";"";"";"";"";"";"";"";"";"";"";"";"";"";"";"";"54";"";"";"C";
"C17";"";"C-EUC1206";"C1206";"CAPACITOR, European symbol";"";"";"";"";"";"";"";"";"";"";"";"";"";"";"";"54";"";"";"C";
"C18";"";"C-EUC1206";"C1206";"CAPACITOR, European symbol";"";"";"";"";"";"";"";"";"";"";"";"";"";"";"";"54";"";"";"C";
"C19";"";"C-EUC1206";"C1206";"CAPACITOR, European symbol";"";"";"";"";"";"";"";"";"";"";"";"";"";"";"";"54";"";"";"C";
"C20";"";"C-EUC1206";"C1206";"CAPACITOR, European symbol";"";"";"";"";"";"";"";"";"";"";"";"";"";"";"";"54";"";"";"C";
"C21";"0.1uF";"C-EUC1206";"C1206";"CAPACITOR, European symbol";"";"";"";"";"";"";"";"";"";"";"";"";"";"";"";"54";"";"";"C";
"C22";"0.1uF";"C-EUC1206";"C1206";"CAPACITOR, European symbol";"";"";"";"";"";"";"";"";"";"";"";"";"";"";"";"54";"";"";"C";
"C23";"0.1uF";"C-EUC1206";"C1206";"CAPACITOR, European symbol";"";"";"";"";"";"";"";"";"";"";"";"";"";"";"";"54";"";"";"C";
"C24";"0.1uF";"C-EUC1206";"C1206";"CAPACITOR, European symbol";"";"";"";"";"";"";"";"";"";"";"";"";"";"";"";"54";"";"";"C";
"C25";"0.1uF";"C-EUC1206";"C1206";"CAPACITOR, European symbol";"";"";"";"";"";"";"";"";"";"";"";"";"";"";"";"54";"";"";"C";
"C26";"";"C-EUC1206";"C1206";"CAPACITOR, European symbol";"";"";"";"";"";"";"";"";"";"";"";"";"";"";"";"54";"";"";"C";
"C27";"";"C-EUC1206";"C1206";"CAPACITOR, European symbol";"";"";"";"";"";"";"";"";"";"";"";"";"";"";"";"54";"";"";"C";
"C28";"";"C-EUC1206";"C1206";"CAPACITOR, European symbol";"";"";"";"";"";"";"";"";"";"";"";"";"";"";"";"54";"";"";"C";
"C29";"";"C-EUC1206";"C1206";"CAPACITOR, European symbol";"";"";"";"";"";"";"";"";"";"";"";"";"";"";"";"54";"";"";"C";
"C30";"";"C-EUC1206";"C1206";"CAPACITOR, European symbol";"";"";"";"";"";"";"";"";"";"";"";"";"";"";"";"54";"";"";"C";
"C31";"1000uF";"CPOL-EUE7.5-16";"E7,5-16";"POLARIZED CAPACITOR, European symbol";"";"";"";"";"";"";"";"";"";"";"";"";"";"";"";"4";"";"";"C";
"C32";"220uF";"CPOL-EUE5-10.5";"E5-10,5";"POLARIZED CAPACITOR, European symbol";"";"";"";"";"";"";"";"";"";"";"";"";"";"";"";"23";"";"";"C";
"C33";"0.1uF";"C-EUC1206";"C1206";"CAPACITOR, European symbol";"";"";"";"";"";"";"";"";"";"";"";"";"";"";"";"54";"";"";"C";
"C34";"0.1uF";"C-EUC1206";"C1206";"CAPACITOR, European symbol";"";"";"";"";"";"";"";"";"";"";"";"";"";"";"";"54";"";"";"C";
"C35";"0.1uF";"C-EUC1206";"C1206";"CAPACITOR, European symbol";"";"";"";"";"";"";"";"";"";"";"";"";"";"";"";"54";"";"";"C";
"C36";"220uF";"CPOL-EUE5-10.5";"E5-10,5";"POLARIZED CAPACITOR, European symbol";"";"";"";"";"";"";"";"";"";"";"";"";"";"";"";"23";"";"";"C";
"C37";"0.1uF";"C-EUC1206";"C1206";"CAPACITOR, European symbol";"";"";"";"";"";"";"";"";"";"";"";"";"";"";"";"54";"";"";"C";
"C38";"0.1uF";"C-EUC1206";"C1206";"CAPACITOR, European symbol";"";"";"";"";"";"";"";"";"";"";"";"";"";"";"";"54";"";"";"C";
"C39";"0.1uF";"C-EUC1206";"C1206";"CAPACITOR, European symbol";"";"";"";"";"";"";"";"";"";"";"";"";"";"";"";"54";"";"";"C";
"C40";"220uF";"CPOL-EUE5-10.5";"E5-10,5";"POLARIZED CAPACITOR, European symbol";"";"";"";"";"";"";"";"";"";"";"";"";"";"";"";"23";"";"";"C";
"C41";"0.1uF";"C-EUC1206";"C1206";"CAPACITOR, European symbol";"";"";"";"";"";"";"";"";"";"";"";"";"";"";"";"54";"";"";"C";
"C42";"0.1uF";"C-EUC1206";"C1206";"CAPACITOR, European symbol";"";"";"";"";"";"";"";"";"";"";"";"";"";"";"";"54";"";"";"C";
"C43";"0.1uF";"C-EUC1206";"C1206";"CAPACITOR, European symbol";"";"";"";"";"";"";"";"";"";"";"";"";"";"";"";"54";"";"";"C";
"C44";"0.1uF";"C-EUC1206";"C1206";"CAPACITOR, European symbol";"";"";"";"";"";"";"";"";"";"";"";"";"";"";"";"54";"";"";"C";
"C45";"0.1uF";"C-EUC1206";"C1206";"CAPACITOR, European symbol";"";"";"";"";"";"";"";"";"";"";"";"";"";"";"";"54";"";"";"C";
"C46";"0.1uF";"C-EUC1206";"C1206";"CAPACITOR, European symbol";"";"";"";"";"";"";"";"";"";"";"";"";"";"";"";"54";"";"";"C";
"C47";"0.1uF";"C-EUC1206";"C1206";"CAPACITOR, European symbol";"";"";"";"";"";"";"";"";"";"";"";"";"";"";"";"54";"";"";"C";
"C48";"0.1uF";"C-EUC1206";"C1206";"CAPACITOR, European symbol";"";"";"";"";"";"";"";"";"";"";"";"";"";"";"";"54";"";"";"C";
"C49";"0.1uF";"C-EUC1206";"C1206";"CAPACITOR, European symbol";"";"";"";"";"";"";"";"";"";"";"";"";"";"";"";"54";"";"";"C";
"C50";"0.1uF";"C-EUC1206";"C1206";"CAPACITOR, European symbol";"";"";"";"";"";"";"";"";"";"";"";"";"";"";"";"54";"";"";"C";
"C51";"0.1uF";"C-EUC1206";"C1206";"CAPACITOR, European symbol";"";"";"";"";"";"";"";"";"";"";"";"";"";"";"";"54";"";"";"C";
"C52";"0.1uF";"C-EUC1206";"C1206";"CAPACITOR, European symbol";"";"";"";"";"";"";"";"";"";"";"";"";"";"";"";"54";"";"";"C";
"C53";"0.1uF";"C-EUC1206";"C1206";"CAPACITOR, European symbol";"";"";"";"";"";"";"";"";"";"";"";"";"";"";"";"54";"";"";"C";
"C54";"0.1uF";"C-EUC1206";"C1206";"CAPACITOR, European symbol";"";"";"";"";"";"";"";"";"";"";"";"";"";"";"";"54";"";"";"C";
"C55";"0.1uF";"C-EUC1206";"C1206";"CAPACITOR, European symbol";"";"";"";"";"";"";"";"";"";"";"";"";"";"";"";"54";"";"";"C";
"C56";"0.1uF";"C-EUC1206";"C1206";"CAPACITOR, European symbol";"";"";"";"";"";"";"";"";"";"";"";"";"";"";"";"54";"";"";"C";
"C57";"10uF";"CPOL-EUE2.5-7";"E2,5-7";"POLARIZED CAPACITOR, European symbol";"";"";"";"";"";"";"";"";"";"";"";"";"";"";"";"17";"";"";"C";
"C58";"10uF";"CPOL-EUE2.5-7";"E2,5-7";"POLARIZED CAPACITOR, European symbol";"";"";"";"";"";"";"";"";"";"";"";"";"";"";"";"17";"";"";"C";
"C59";"0.1uF";"C-EUC1206";"C1206";"CAPACITOR, European symbol";"";"";"";"";"";"";"";"";"";"";"";"";"";"";"";"54";"";"";"C";
"C60";"220uF";"CPOL-EUE5-10.5";"E5-10,5";"POLARIZED CAPACITOR, European symbol";"";"";"";"";"";"";"";"";"";"";"";"";"";"";"";"23";"";"";"C";
"C61";"0.1uF";"C-EUC1206";"C1206";"CAPACITOR, European symbol";"";"";"";"";"";"";"";"";"";"";"";"";"";"";"";"54";"";"";"C";
"C62";"0.1uF";"C-EUC1206";"C1206";"CAPACITOR, European symbol";"";"";"";"";"";"";"";"";"";"";"";"";"";"";"";"54";"";"";"C";
"C63";"0.1uF";"C-EUC1206";"C1206";"CAPACITOR, European symbol";"";"";"";"";"";"";"";"";"";"";"";"";"";"";"";"54";"";"";"C";
"C64";"0.1uF";"C-EUC1206";"C1206";"CAPACITOR, European symbol";"";"";"";"";"";"";"";"";"";"";"";"";"";"";"";"54";"";"";"C";
"C65";"0.1uF";"C-EUC1206";"C1206";"CAPACITOR, European symbol";"";"";"";"";"";"";"";"";"";"";"";"";"";"";"";"54";"";"";"C";
"C66";"0.1uF";"C-EUC1206";"C1206";"CAPACITOR, European symbol";"";"";"";"";"";"";"";"";"";"";"";"";"";"";"";"54";"";"";"C";
"C67";"10uF";"CPOL-EUE2.5-7";"E2,5-7";"POLARIZED CAPACITOR, European symbol";"";"";"";"";"";"";"";"";"";"";"";"";"";"";"";"17";"";"";"C";
"C68";"10uF";"CPOL-EUE2.5-7";"E2,5-7";"POLARIZED CAPACITOR, European symbol";"";"";"";"";"";"";"";"";"";"";"";"";"";"";"";"17";"";"";"C";
"C69";"10uF";"CPOL-EUE2.5-7";"E2,5-7";"POLARIZED CAPACITOR, European symbol";"";"";"";"";"";"";"";"";"";"";"";"";"";"";"";"17";"";"";"C";
"C70";"10uF";"CPOL-EUE2.5-7";"E2,5-7";"POLARIZED CAPACITOR, European symbol";"";"";"";"";"";"";"";"";"";"";"";"";"";"";"";"17";"";"";"C";
"C71";"10uF";"CPOL-EUE2.5-7";"E2,5-7";"POLARIZED CAPACITOR, European symbol";"";"";"";"";"";"";"";"";"";"";"";"";"";"";"";"17";"";"";"C";
"C72";"1000uF";"CPOL-EUE7.5-16";"E7,5-16";"POLARIZED CAPACITOR, European symbol";"";"";"";"";"";"";"";"";"";"";"";"";"";"";"";"4";"";"";"C";
"C73";"0.1uF";"C-EUC1206";"C1206";"CAPACITOR, European symbol";"";"";"";"";"";"";"";"";"";"";"";"";"";"";"";"54";"";"";"C";
"C74";"0.1uF";"C-EUC1206";"C1206";"CAPACITOR, European symbol";"";"";"";"";"";"";"";"";"";"";"";"";"";"";"";"54";"";"";"C";
"C75";"220uF";"CPOL-EUE5-10.5";"E5-10,5";"POLARIZED CAPACITOR, European symbol";"";"";"";"";"";"";"";"";"";"";"";"";"";"";"";"23";"";"";"C";
"C76";"220uF";"CPOL-EUE5-10.5";"E5-10,5";"POLARIZED CAPACITOR, European symbol";"";"";"";"";"";"";"";"";"";"";"";"";"";"";"";"23";"";"";"C";
"C77";"220uF";"CPOL-EUE5-10.5";"E5-10,5";"POLARIZED CAPACITOR, European symbol";"";"";"";"";"";"";"";"";"";"";"";"";"";"";"";"23";"";"";"C";
"C78";"0.1uF";"C-EUC1206";"C1206";"CAPACITOR, European symbol";"";"";"";"";"";"";"";"";"";"";"";"";"";"";"";"54";"";"";"C";
"C79";"0.1uF";"C-EUC1206";"C1206";"CAPACITOR, European symbol";"";"";"";"";"";"";"";"";"";"";"";"";"";"";"";"54";"";"";"C";
"C80";"0.1uF";"C-EUC1206";"C1206";"CAPACITOR, European symbol";"";"";"";"";"";"";"";"";"";"";"";"";"";"";"";"54";"";"";"C";
"C81";"0.1uF";"C-EUC1206";"C1206";"CAPACITOR, European symbol";"";"";"";"";"";"";"";"";"";"";"";"";"";"";"";"54";"";"";"C";
"C82";"0.1uF";"C-EUC1206";"C1206";"CAPACITOR, European symbol";"";"";"";"";"";"";"";"";"";"";"";"";"";"";"";"54";"";"";"C";
"C83";"0.1uF";"C-EUC1206";"C1206";"CAPACITOR, European symbol";"";"";"";"";"";"";"";"";"";"";"";"";"";"";"";"54";"";"";"C";
"C84";"0.1uF";"C-EUC1206";"C1206";"CAPACITOR, European symbol";"";"";"";"";"";"";"";"";"";"";"";"";"";"";"";"54";"";"";"C";
"C85";"0.1uF";"C-EUC1206";"C1206";"CAPACITOR, European symbol";"";"";"";"";"";"";"";"";"";"";"";"";"";"";"";"54";"";"";"C";
"C86";"0.1uF";"C-EUC1206";"C1206";"CAPACITOR, European symbol";"";"";"";"";"";"";"";"";"";"";"";"";"";"";"";"54";"";"";"C";
"C87";"0.1uF";"C-EUC1206";"C1206";"CAPACITOR, European symbol";"";"";"";"";"";"";"";"";"";"";"";"";"";"";"";"54";"";"";"C";
"C88";"0.1uF";"C-EUC1206";"C1206";"CAPACITOR, European symbol";"";"";"";"";"";"";"";"";"";"";"";"";"";"";"";"54";"";"";"C";
"C89";"0.1uF";"C-EUC1206";"C1206";"CAPACITOR, European symbol";"";"";"";"";"";"";"";"";"";"";"";"";"";"";"";"54";"";"";"C";
"C90";"0.1uF";"C-EUC1206";"C1206";"CAPACITOR, European symbol";"";"";"";"";"";"";"";"";"";"";"";"";"";"";"";"54";"";"";"C";
"C103";"0.1uF";"C-EUC1206";"C1206";"CAPACITOR, European symbol";"";"";"";"";"";"";"";"";"";"";"";"";"";"";"";"54";"";"";"C";
"C104";"0.1uF";"C-EUC1206";"C1206";"CAPACITOR, European symbol";"";"";"";"";"";"";"";"";"";"";"";"";"";"";"";"54";"";"";"C";
"C105";"0.1uF";"C-EUC1206";"C1206";"CAPACITOR, European symbol";"";"";"";"";"";"";"";"";"";"";"";"";"";"";"";"54";"";"";"C";
"C106";"0.1uF";"C-EUC1206";"C1206";"CAPACITOR, European symbol";"";"";"";"";"";"";"";"";"";"";"";"";"";"";"";"54";"";"";"C";
"C107";"0.1uF";"C-EUC1206";"C1206";"CAPACITOR, European symbol";"";"";"";"";"";"";"";"";"";"";"";"";"";"";"";"54";"";"";"C";
"C108";"0.1uF";"C-EUC1206";"C1206";"CAPACITOR, European symbol";"";"";"";"";"";"";"";"";"";"";"";"";"";"";"";"54";"";"";"C";
"D1";"1N4148W";"DIODE-DO214AC";"DO214AC";"DIODE";"";"";"";"";"";"";"";"";"";"";"";"";"";"";"";"14";"";"";"";
"D2";"1N4148W";"DIODE-DO214AC";"DO214AC";"DIODE";"";"";"";"";"";"";"";"";"";"";"";"";"";"";"";"14";"";"";"";
"D3";"1N4148W";"DIODE-DO214AC";"DO214AC";"DIODE";"";"";"";"";"";"";"";"";"";"";"";"";"";"";"";"14";"";"";"";
"D4";"1N4148W";"DIODE-DO214AC";"DO214AC";"DIODE";"";"";"";"";"";"";"";"";"";"";"";"";"";"";"";"14";"";"";"";
"D5";"1N4148W";"DIODE-DO214AC";"DO214AC";"DIODE";"";"";"";"";"";"";"";"";"";"";"";"";"";"";"";"14";"";"";"";
"D6";"1N4148W";"DIODE-DO214AC";"DO214AC";"DIODE";"";"";"";"";"";"";"";"";"";"";"";"";"";"";"";"14";"";"";"";
"D7";"1N4148W";"DIODE-DO214AC";"DO214AC";"DIODE";"";"";"";"";"";"";"";"";"";"";"";"";"";"";"";"14";"";"";"";
"D8";"1N4148W";"DIODE-DO214AC";"DO214AC";"DIODE";"";"";"";"";"";"";"";"";"";"";"";"";"";"";"";"14";"";"";"";
"D9";"1N4148W";"DIODE-DO214AC";"DO214AC";"DIODE";"";"";"";"";"";"";"";"";"";"";"";"";"";"";"";"14";"";"";"";
"D10";"1N4148W";"DIODE-DO214AC";"DO214AC";"DIODE";"";"";"";"";"";"";"";"";"";"";"";"";"";"";"";"14";"";"";"";
"D11";"1N4148W";"DIODE-DO214AC";"DO214AC";"DIODE";"";"";"";"";"";"";"";"";"";"";"";"";"";"";"";"14";"";"";"";
"D12";"1N4148W";"DIODE-DO214AC";"DO214AC";"DIODE";"";"";"";"";"";"";"";"";"";"";"";"";"";"";"";"14";"";"";"";
"D13";"1N4148W";"DIODE-DO214AC";"DO214AC";"DIODE";"";"";"";"";"";"";"";"";"";"";"";"";"";"";"";"14";"";"";"";
"D14.";"1N4148W";"DIODE-DO214AC";"DO214AC";"DIODE";"";"";"";"";"";"";"";"";"";"";"";"";"";"";"";"14";"";"";"";
"D15";"1N4148W";"DIODE-DO214AC";"DO214AC";"DIODE";"";"";"";"";"";"";"";"";"";"";"";"";"";"";"";"14";"";"";"";
"D16";"1N4148W";"DIODE-DO214AC";"DO214AC";"DIODE";"";"";"";"";"";"";"";"";"";"";"";"";"";"";"";"14";"";"";"";
"D17";"1N4148W";"DIODE-DO214AC";"DO214AC";"DIODE";"";"";"";"";"";"";"";"";"";"";"";"";"";"";"";"14";"";"";"";
"D18";"1N4148W";"DIODE-DO214AC";"DO214AC";"DIODE";"";"";"";"";"";"";"";"";"";"";"";"";"";"";"";"14";"";"";"";
"D19";"1N4148W";"DIODE-DO214AC";"DO214AC";"DIODE";"";"";"";"";"";"";"";"";"";"";"";"";"";"";"";"14";"";"";"";
"D20";"1N4148W";"DIODE-DO214AC";"DO214AC";"DIODE";"";"";"";"";"";"";"";"";"";"";"";"";"";"";"";"14";"";"";"";
"FUSE";"";"SH22,5A";"SH22,5A";"FUSE HOLDER grid 22,5mm, isolated cap OGN0031 8201, Schurter (Buerklin)";"";"";"";"";"";"";"";"";"";"";"";"0031.7701.11";"unknown";"04F1224";"";"0";"";"";"";
"IC1";"MCT2E";"MCT2E";"DIP762W60P254L712H480Q6N";"Transistor Output Optocouplers Optocouplers";"MCT2E";"https://www.arrow.com/en/products/mct2e/everlight-electronics";"";"Transistor Output Optocouplers Optocouplers";"4.8mm";"Everlight";"MCT2E";"";"638-MCT2E";"https://www.mouser.co.uk/ProductDetail/Everlight/MCT2E?qs=8PzhAHr7IdNay24oEWwF1g%3D%3D";"";"";"";"";"";"";"";"";"";
"IC2";"7805DT";"7805DT";"TO252";"Positive VOLTAGE REGULATOR";"";"";"";"";"";"";"";"";"";"";"";"";"";"";"";"0";"";"";"";
"IC3";"7805DT";"7805DT";"TO252";"Positive VOLTAGE REGULATOR";"";"";"";"";"";"";"";"";"";"";"";"";"";"";"";"0";"";"";"";
"IC4";"MCT2E";"MCT2E";"DIP762W60P254L712H480Q6N";"Transistor Output Optocouplers Optocouplers";"MCT2E";"https://www.arrow.com/en/products/mct2e/everlight-electronics";"";"Transistor Output Optocouplers Optocouplers";"4.8mm";"Everlight";"MCT2E";"";"638-MCT2E";"https://www.mouser.co.uk/ProductDetail/Everlight/MCT2E?qs=8PzhAHr7IdNay24oEWwF1g%3D%3D";"";"";"";"";"";"";"";"";"";
"IC5";"MCT2E";"MCT2E";"DIP762W60P254L712H480Q6N";"Transistor Output Optocouplers Optocouplers";"MCT2E";"https://www.arrow.com/en/products/mct2e/everlight-electronics";"";"Transistor Output Optocouplers Optocouplers";"4.8mm";"Everlight";"MCT2E";"";"638-MCT2E";"https://www.mouser.co.uk/ProductDetail/Everlight/MCT2E?qs=8PzhAHr7IdNay24oEWwF1g%3D%3D";"";"";"";"";"";"";"";"";"";
"IC6";"MCT2E";"MCT2E";"DIP762W60P254L712H480Q6N";"Transistor Output Optocouplers Optocouplers";"MCT2E";"https://www.arrow.com/en/products/mct2e/everlight-electronics";"";"Transistor Output Optocouplers Optocouplers";"4.8mm";"Everlight";"MCT2E";"";"638-MCT2E";"https://www.mouser.co.uk/ProductDetail/Everlight/MCT2E?qs=8PzhAHr7IdNay24oEWwF1g%3D%3D";"";"";"";"";"";"";"";"";"";
"IC7";"MCT2E";"MCT2E";"DIP762W60P254L712H480Q6N";"Transistor Output Optocouplers Optocouplers";"MCT2E";"https://www.arrow.com/en/products/mct2e/everlight-electronics";"";"Transistor Output Optocouplers Optocouplers";"4.8mm";"Everlight";"MCT2E";"";"638-MCT2E";"https://www.mouser.co.uk/ProductDetail/Everlight/MCT2E?qs=8PzhAHr7IdNay24oEWwF1g%3D%3D";"";"";"";"";"";"";"";"";"";
"IC8";"MCT2E";"MCT2E";"DIP762W60P254L712H480Q6N";"Transistor Output Optocouplers Optocouplers";"MCT2E";"https://www.arrow.com/en/products/mct2e/everlight-electronics";"";"Transistor Output Optocouplers Optocouplers";"4.8mm";"Everlight";"MCT2E";"";"638-MCT2E";"https://www.mouser.co.uk/ProductDetail/Everlight/MCT2E?qs=8PzhAHr7IdNay24oEWwF1g%3D%3D";"";"";"";"";"";"";"";"";"";
"IC9";"MCT2E";"MCT2E";"DIP762W60P254L712H480Q6N";"Transistor Output Optocouplers Optocouplers";"MCT2E";"https://www.arrow.com/en/products/mct2e/everlight-electronics";"";"Transistor Output Optocouplers Optocouplers";"4.8mm";"Everlight";"MCT2E";"";"638-MCT2E";"https://www.mouser.co.uk/ProductDetail/Everlight/MCT2E?qs=8PzhAHr7IdNay24oEWwF1g%3D%3D";"";"";"";"";"";"";"";"";"";
"IC10";"MCT2E";"MCT2E";"DIP762W60P254L712H480Q6N";"Transistor Output Optocouplers Optocouplers";"MCT2E";"https://www.arrow.com/en/products/mct2e/everlight-electronics";"";"Transistor Output Optocouplers Optocouplers";"4.8mm";"Everlight";"MCT2E";"";"638-MCT2E";"https://www.mouser.co.uk/ProductDetail/Everlight/MCT2E?qs=8PzhAHr7IdNay24oEWwF1g%3D%3D";"";"";"";"";"";"";"";"";"";
"IC11";"MCT2E";"MCT2E";"DIP762W60P254L712H480Q6N";"Transistor Output Optocouplers Optocouplers";"MCT2E";"https://www.arrow.com/en/products/mct2e/everlight-electronics";"";"Transistor Output Optocouplers Optocouplers";"4.8mm";"Everlight";"MCT2E";"";"638-MCT2E";"https://www.mouser.co.uk/ProductDetail/Everlight/MCT2E?qs=8PzhAHr7IdNay24oEWwF1g%3D%3D";"";"";"";"";"";"";"";"";"";
"IC12";"MCT2E";"MCT2E";"DIP762W60P254L712H480Q6N";"Transistor Output Optocouplers Optocouplers";"MCT2E";"https://www.arrow.com/en/products/mct2e/everlight-electronics";"";"Transistor Output Optocouplers Optocouplers";"4.8mm";"Everlight";"MCT2E";"";"638-MCT2E";"https://www.mouser.co.uk/ProductDetail/Everlight/MCT2E?qs=8PzhAHr7IdNay24oEWwF1g%3D%3D";"";"";"";"";"";"";"";"";"";
"IC13";"MCT2E";"MCT2E";"DIP762W60P254L712H480Q6N";"Transistor Output Optocouplers Optocouplers";"MCT2E";"https://www.arrow.com/en/products/mct2e/everlight-electronics";"";"Transistor Output Optocouplers Optocouplers";"4.8mm";"Everlight";"MCT2E";"";"638-MCT2E";"https://www.mouser.co.uk/ProductDetail/Everlight/MCT2E?qs=8PzhAHr7IdNay24oEWwF1g%3D%3D";"";"";"";"";"";"";"";"";"";
"IC14";"MCT2E";"MCT2E";"DIP762W60P254L712H480Q6N";"Transistor Output Optocouplers Optocouplers";"MCT2E";"https://www.arrow.com/en/products/mct2e/everlight-electronics";"";"Transistor Output Optocouplers Optocouplers";"4.8mm";"Everlight";"MCT2E";"";"638-MCT2E";"https://www.mouser.co.uk/ProductDetail/Everlight/MCT2E?qs=8PzhAHr7IdNay24oEWwF1g%3D%3D";"";"";"";"";"";"";"";"";"";
"LED1";"";"LEDCHIPLED_1206";"CHIPLED_1206";"LED";"";"";"";"";"";"";"";"";"";"";"";"";"";"";"";"28";"";"";"";
"LED2";"";"LEDCHIPLED_1206";"CHIPLED_1206";"LED";"";"";"";"";"";"";"";"";"";"";"";"";"";"";"";"28";"";"";"";
"LED3";"";"LEDCHIPLED_1206";"CHIPLED_1206";"LED";"";"";"";"";"";"";"";"";"";"";"";"";"";"";"";"28";"";"";"";
"LED4";"";"LEDCHIPLED_1206";"CHIPLED_1206";"LED";"";"";"";"";"";"";"";"";"";"";"";"";"";"";"";"28";"";"";"";
"LED5";"";"LEDCHIPLED_1206";"CHIPLED_1206";"LED";"";"";"";"";"";"";"";"";"";"";"";"";"";"";"";"28";"";"";"";
"LED6";"";"LEDCHIPLED_1206";"CHIPLED_1206";"LED";"";"";"";"";"";"";"";"";"";"";"";"";"";"";"";"28";"";"";"";
"LED7";"";"LEDCHIPLED_1206";"CHIPLED_1206";"LED";"";"";"";"";"";"";"";"";"";"";"";"";"";"";"";"28";"";"";"";
"LED8";"";"LEDCHIPLED_1206";"CHIPLED_1206";"LED";"";"";"";"";"";"";"";"";"";"";"";"";"";"";"";"28";"";"";"";
"LED9";"";"LEDCHIPLED_1206";"CHIPLED_1206";"LED";"";"";"";"";"";"";"";"";"";"";"";"";"";"";"";"28";"";"";"";
"LED10";"";"LEDCHIPLED_1206";"CHIPLED_1206";"LED";"";"";"";"";"";"";"";"";"";"";"";"";"";"";"";"28";"";"";"";
"LED11";"";"LEDCHIPLED_1206";"CHIPLED_1206";"LED";"";"";"";"";"";"";"";"";"";"";"";"";"";"";"";"28";"";"";"";
"LED12";"";"LEDCHIPLED_1206";"CHIPLED_1206";"LED";"";"";"";"";"";"";"";"";"";"";"";"";"";"";"";"28";"";"";"";
"LED13";"";"LEDCHIPLED_1206";"CHIPLED_1206";"LED";"";"";"";"";"";"";"";"";"";"";"";"";"";"";"";"28";"";"";"";
"LED14";"";"LEDCHIPLED_1206";"CHIPLED_1206";"LED";"";"";"";"";"";"";"";"";"";"";"";"";"";"";"";"28";"";"";"";
"LED15";"";"LEDCHIPLED_1206";"CHIPLED_1206";"LED";"";"";"";"";"";"";"";"";"";"";"";"";"";"";"";"28";"";"";"";
"LED16";"";"LEDCHIPLED_1206";"CHIPLED_1206";"LED";"";"";"";"";"";"";"";"";"";"";"";"";"";"";"";"28";"";"";"";
"MOD1";"CARD-SD-ADAPTER-CATALEX";"CARD-SD-ADAPTER-CATALEX";"CARD-SD-ADAPTER-CATALEX";"Micro SD Card Adapter Module with onboard 3.3V regulator";"";"";"";"";"";"";"";"";"";"";"";"";"";"";"";"";"";"";"";
"R";"1k";"R-US_R1206";"R1206";"RESISTOR, American symbol";"";"";"";"";"";"";"";"";"";"";"";"";"";"";"";"19";"";"";"R";
"R1";"1k";"R-US_R1206";"R1206";"RESISTOR, American symbol";"";"";"";"";"";"";"";"";"";"";"";"";"";"";"";"";"";"";"R";
"R2";"1k";"R-US_R1206";"R1206";"RESISTOR, American symbol";"";"";"";"";"";"";"";"";"";"";"";"";"";"";"";"19";"";"";"R";
"R3";"1k";"R-US_R1206";"R1206";"RESISTOR, American symbol";"";"";"";"";"";"";"";"";"";"";"";"";"";"";"";"19";"";"";"R";
"R4";"1k";"R-US_R1206";"R1206";"RESISTOR, American symbol";"";"";"";"";"";"";"";"";"";"";"";"";"";"";"";"19";"";"";"R";
"R5";"1k";"R-US_R1206";"R1206";"RESISTOR, American symbol";"";"";"";"";"";"";"";"";"";"";"";"";"";"";"";"19";"";"";"R";
"R6";"1k";"R-US_R1206";"R1206";"RESISTOR, American symbol";"";"";"";"";"";"";"";"";"";"";"";"";"";"";"";"19";"";"";"R";
"R7";"1k";"R-US_R1206";"R1206";"RESISTOR, American symbol";"";"";"";"";"";"";"";"";"";"";"";"";"";"";"";"19";"";"";"R";
"R8";"1k";"R-US_R1206";"R1206";"RESISTOR, American symbol";"";"";"";"";"";"";"";"";"";"";"";"";"";"";"";"19";"";"";"R";
"R9";"1k";"R-US_R1206";"R1206";"RESISTOR, American symbol";"";"";"";"";"";"";"";"";"";"";"";"";"";"";"";"19";"";"";"R";
"R10";"10k";"R-US_R1206";"R1206";"RESISTOR, American symbol";"";"";"";"";"";"";"";"";"";"";"";"";"";"";"";"";"";"";"R";
"R11";"1k";"R-US_R1206";"R1206";"RESISTOR, American symbol";"";"";"";"";"";"";"";"";"";"";"";"";"";"";"";"19";"";"";"R";
"R12";"1k";"R-US_R1206";"R1206";"RESISTOR, American symbol";"";"";"";"";"";"";"";"";"";"";"";"";"";"";"";"19";"";"";"R";
"R13";"1k";"R-US_R1206";"R1206";"RESISTOR, American symbol";"";"";"";"";"";"";"";"";"";"";"";"";"";"";"";"19";"";"";"R";
"R14";"1k";"R-US_R1206";"R1206";"RESISTOR, American symbol";"";"";"";"";"";"";"";"";"";"";"";"";"";"";"";"19";"";"";"R";
"R15";"1k";"R-US_R1206";"R1206";"RESISTOR, American symbol";"";"";"";"";"";"";"";"";"";"";"";"";"";"";"";"19";"";"";"R";
"R16";"1k";"R-US_R1206";"R1206";"RESISTOR, American symbol";"";"";"";"";"";"";"";"";"";"";"";"";"";"";"";"19";"";"";"R";
"R17";"1k";"R-US_R1206";"R1206";"RESISTOR, American symbol";"";"";"";"";"";"";"";"";"";"";"";"";"";"";"";"19";"";"";"R";
"R18";"1k";"R-US_R1206";"R1206";"RESISTOR, American symbol";"";"";"";"";"";"";"";"";"";"";"";"";"";"";"";"19";"";"";"R";
"R19";"1k";"R-US_R1206";"R1206";"RESISTOR, American symbol";"";"";"";"";"";"";"";"";"";"";"";"";"";"";"";"19";"";"";"R";
"R20";"1k";"R-US_R1206";"R1206";"RESISTOR, American symbol";"";"";"";"";"";"";"";"";"";"";"";"";"";"";"";"19";"";"";"R";
"R21";"220";"R-US_R1206";"R1206";"RESISTOR, American symbol";"";"";"";"";"";"";"";"";"";"";"";"";"";"";"";"19";"";"";"R";
"R22";"220";"R-US_R1206";"R1206";"RESISTOR, American symbol";"";"";"";"";"";"";"";"";"";"";"";"";"";"";"";"19";"";"";"R";
"R23";"220";"R-US_R1206";"R1206";"RESISTOR, American symbol";"";"";"";"";"";"";"";"";"";"";"";"";"";"";"";"19";"";"";"R";
"R24";"220";"R-US_R1206";"R1206";"RESISTOR, American symbol";"";"";"";"";"";"";"";"";"";"";"";"";"";"";"";"19";"";"";"R";
"R25";"220";"R-US_R1206";"R1206";"RESISTOR, American symbol";"";"";"";"";"";"";"";"";"";"";"";"";"";"";"";"19";"";"";"R";
"R26";"220";"R-US_R1206";"R1206";"RESISTOR, American symbol";"";"";"";"";"";"";"";"";"";"";"";"";"";"";"";"19";"";"";"R";
"R27";"220";"R-US_R1206";"R1206";"RESISTOR, American symbol";"";"";"";"";"";"";"";"";"";"";"";"";"";"";"";"19";"";"";"R";
"R28";"220";"R-US_R1206";"R1206";"RESISTOR, American symbol";"";"";"";"";"";"";"";"";"";"";"";"";"";"";"";"19";"";"";"R";
"R29";"220";"R-US_R1206";"R1206";"RESISTOR, American symbol";"";"";"";"";"";"";"";"";"";"";"";"";"";"";"";"19";"";"";"R";
"R30";"220";"R-US_R1206";"R1206";"RESISTOR, American symbol";"";"";"";"";"";"";"";"";"";"";"";"";"";"";"";"19";"";"";"R";
"R31";"10k";"R-US_R1206";"R1206";"RESISTOR, American symbol";"";"";"";"";"";"";"";"";"";"";"";"";"";"";"";"19";"";"";"R";
"R32";"2.7k";"R-US_R1206";"R1206";"RESISTOR, American symbol";"";"";"";"";"";"";"";"";"";"";"";"";"";"";"";"19";"";"";"R";
"R33";"2.7k";"R-US_R1206";"R1206";"RESISTOR, American symbol";"";"";"";"";"";"";"";"";"";"";"";"";"";"";"";"19";"";"";"R";
"R34";"2.7k";"R-US_R1206";"R1206";"RESISTOR, American symbol";"";"";"";"";"";"";"";"";"";"";"";"";"";"";"";"19";"";"";"R";
"R35";"2.7k";"R-US_R1206";"R1206";"RESISTOR, American symbol";"";"";"";"";"";"";"";"";"";"";"";"";"";"";"";"19";"";"";"R";
"R36";"2.7k";"R-US_R1206";"R1206";"RESISTOR, American symbol";"";"";"";"";"";"";"";"";"";"";"";"";"";"";"";"19";"";"";"R";
"R37";"2.7k";"R-US_R1206";"R1206";"RESISTOR, American symbol";"";"";"";"";"";"";"";"";"";"";"";"";"";"";"";"19";"";"";"R";
"R38";"2.7k";"R-US_R1206";"R1206";"RESISTOR, American symbol";"";"";"";"";"";"";"";"";"";"";"";"";"";"";"";"19";"";"";"R";
"R39";"2.7k";"R-US_R1206";"R1206";"RESISTOR, American symbol";"";"";"";"";"";"";"";"";"";"";"";"";"";"";"";"19";"";"";"R";
"R40";"2.7k";"R-US_R1206";"R1206";"RESISTOR, American symbol";"";"";"";"";"";"";"";"";"";"";"";"";"";"";"";"19";"";"";"R";
"R41";"2.7k";"R-US_R1206";"R1206";"RESISTOR, American symbol";"";"";"";"";"";"";"";"";"";"";"";"";"";"";"";"19";"";"";"R";
"R42";"2.7k";"R-US_R1206";"R1206";"RESISTOR, American symbol";"";"";"";"";"";"";"";"";"";"";"";"";"";"";"";"19";"";"";"R";
"R43";"2.7k";"R-US_R1206";"R1206";"RESISTOR, American symbol";"";"";"";"";"";"";"";"";"";"";"";"";"";"";"";"19";"";"";"R";
"R44";"2.7k";"R-US_R1206";"R1206";"RESISTOR, American symbol";"";"";"";"";"";"";"";"";"";"";"";"";"";"";"";"19";"";"";"R";
"R45";"2.7k";"R-US_R1206";"R1206";"RESISTOR, American symbol";"";"";"";"";"";"";"";"";"";"";"";"";"";"";"";"19";"";"";"R";
"R46";"10k";"R-US_R1206";"R1206";"RESISTOR, American symbol";"";"";"";"";"";"";"";"";"";"";"";"";"";"";"";"19";"";"";"R";
"R47";"2.7k";"R-US_R1206";"R1206";"RESISTOR, American symbol";"";"";"";"";"";"";"";"";"";"";"";"";"";"";"";"19";"";"";"R";
"R48";"2.7k";"R-US_R1206";"R1206";"RESISTOR, American symbol";"";"";"";"";"";"";"";"";"";"";"";"";"";"";"";"19";"";"";"R";
"R49";"10k";"R-US_R1206";"R1206";"RESISTOR, American symbol";"";"";"";"";"";"";"";"";"";"";"";"";"";"";"";"19";"";"";"R";
"R50";"2.7k";"R-US_R1206";"R1206";"RESISTOR, American symbol";"";"";"";"";"";"";"";"";"";"";"";"";"";"";"";"19";"";"";"R";
"R51";"2.7k";"R-US_R1206";"R1206";"RESISTOR, American symbol";"";"";"";"";"";"";"";"";"";"";"";"";"";"";"";"19";"";"";"R";
"R52";"10k";"R-US_R1206";"R1206";"RESISTOR, American symbol";"";"";"";"";"";"";"";"";"";"";"";"";"";"";"";"19";"";"";"R";
"R53";"2.7k";"R-US_R1206";"R1206";"RESISTOR, American symbol";"";"";"";"";"";"";"";"";"";"";"";"";"";"";"";"19";"";"";"R";
"R54";"2.7k";"R-US_R1206";"R1206";"RESISTOR, American symbol";"";"";"";"";"";"";"";"";"";"";"";"";"";"";"";"19";"";"";"R";
"R55";"10k";"R-US_R1206";"R1206";"RESISTOR, American symbol";"";"";"";"";"";"";"";"";"";"";"";"";"";"";"";"19";"";"";"R";
"R56";"2.7k";"R-US_R1206";"R1206";"RESISTOR, American symbol";"";"";"";"";"";"";"";"";"";"";"";"";"";"";"";"19";"";"";"R";
"R57";"2.7k";"R-US_R1206";"R1206";"RESISTOR, American symbol";"";"";"";"";"";"";"";"";"";"";"";"";"";"";"";"19";"";"";"R";
"R58";"10k";"R-US_R1206";"R1206";"RESISTOR, American symbol";"";"";"";"";"";"";"";"";"";"";"";"";"";"";"";"19";"";"";"R";
"R59";"2.7k";"R-US_R1206";"R1206";"RESISTOR, American symbol";"";"";"";"";"";"";"";"";"";"";"";"";"";"";"";"19";"";"";"R";
"R60";"2.7k";"R-US_R1206";"R1206";"RESISTOR, American symbol";"";"";"";"";"";"";"";"";"";"";"";"";"";"";"";"19";"";"";"R";
"R61";"10k";"R-US_R1206";"R1206";"RESISTOR, American symbol";"";"";"";"";"";"";"";"";"";"";"";"";"";"";"";"19";"";"";"R";
"R62";"2.7k";"R-US_R1206";"R1206";"RESISTOR, American symbol";"";"";"";"";"";"";"";"";"";"";"";"";"";"";"";"19";"";"";"R";
"R63";"2.7k";"R-US_R1206";"R1206";"RESISTOR, American symbol";"";"";"";"";"";"";"";"";"";"";"";"";"";"";"";"19";"";"";"R";
"R64";"10k";"R-US_R1206";"R1206";"RESISTOR, American symbol";"";"";"";"";"";"";"";"";"";"";"";"";"";"";"";"19";"";"";"R";
"R65";"2.7k";"R-US_R1206";"R1206";"RESISTOR, American symbol";"";"";"";"";"";"";"";"";"";"";"";"";"";"";"";"19";"";"";"R";
"R66";"2.7k";"R-US_R1206";"R1206";"RESISTOR, American symbol";"";"";"";"";"";"";"";"";"";"";"";"";"";"";"";"19";"";"";"R";
"R67";"10k";"R-US_R1206";"R1206";"RESISTOR, American symbol";"";"";"";"";"";"";"";"";"";"";"";"";"";"";"";"19";"";"";"R";
"R68";"2.7k";"R-US_R1206";"R1206";"RESISTOR, American symbol";"";"";"";"";"";"";"";"";"";"";"";"";"";"";"";"19";"";"";"R";
"R69";"2.7k";"R-US_R1206";"R1206";"RESISTOR, American symbol";"";"";"";"";"";"";"";"";"";"";"";"";"";"";"";"19";"";"";"R";
"R70";"10k";"R-US_R1206";"R1206";"RESISTOR, American symbol";"";"";"";"";"";"";"";"";"";"";"";"";"";"";"";"19";"";"";"R";
"R71";"2.7k";"R-US_R1206";"R1206";"RESISTOR, American symbol";"";"";"";"";"";"";"";"";"";"";"";"";"";"";"";"19";"";"";"R";
"R72";"2.7k";"R-US_R1206";"R1206";"RESISTOR, American symbol";"";"";"";"";"";"";"";"";"";"";"";"";"";"";"";"19";"";"";"R";
"R73";"10k";"R-US_R1206";"R1206";"RESISTOR, American symbol";"";"";"";"";"";"";"";"";"";"";"";"";"";"";"";"19";"";"";"R";
"R74";"2.7k";"R-US_R1206";"R1206";"RESISTOR, American symbol";"";"";"";"";"";"";"";"";"";"";"";"";"";"";"";"19";"";"";"R";
"R75";"2.7k";"R-US_R1206";"R1206";"RESISTOR, American symbol";"";"";"";"";"";"";"";"";"";"";"";"";"";"";"";"19";"";"";"R";
"R76";"10k";"R-US_R1206";"R1206";"RESISTOR, American symbol";"";"";"";"";"";"";"";"";"";"";"";"";"";"";"";"19";"";"";"R";
"R77";"2.7k";"R-US_R1206";"R1206";"RESISTOR, American symbol";"";"";"";"";"";"";"";"";"";"";"";"";"";"";"";"19";"";"";"R";
"R78";"2.7k";"R-US_R1206";"R1206";"RESISTOR, American symbol";"";"";"";"";"";"";"";"";"";"";"";"";"";"";"";"19";"";"";"R";
"R79";"1k";"R-US_R1206";"R1206";"RESISTOR, American symbol";"";"";"";"";"";"";"";"";"";"";"";"";"";"";"";"19";"";"";"R";
"R80";"1k";"R-US_R1206";"R1206";"RESISTOR, American symbol";"";"";"";"";"";"";"";"";"";"";"";"";"";"";"";"19";"";"";"R";
"R81";"1k";"R-US_R1206";"R1206";"RESISTOR, American symbol";"";"";"";"";"";"";"";"";"";"";"";"";"";"";"";"19";"";"";"R";
"R82";"1k";"R-US_R1206";"R1206";"RESISTOR, American symbol";"";"";"";"";"";"";"";"";"";"";"";"";"";"";"";"";"";"";"R";
"R83";"1k";"R-US_R1206";"R1206";"RESISTOR, American symbol";"";"";"";"";"";"";"";"";"";"";"";"";"";"";"";"19";"";"";"R";
"R84";"1k";"R-US_R1206";"R1206";"RESISTOR, American symbol";"";"";"";"";"";"";"";"";"";"";"";"";"";"";"";"19";"";"";"R";
"R85";"1k";"R-US_R1206";"R1206";"RESISTOR, American symbol";"";"";"";"";"";"";"";"";"";"";"";"";"";"";"";"19";"";"";"R";
"R86";"1k";"R-US_R1206";"R1206";"RESISTOR, American symbol";"";"";"";"";"";"";"";"";"";"";"";"";"";"";"";"19";"";"";"R";
"R87";"1k";"R-US_R1206";"R1206";"RESISTOR, American symbol";"";"";"";"";"";"";"";"";"";"";"";"";"";"";"";"19";"";"";"R";
"R88";"1k";"R-US_R1206";"R1206";"RESISTOR, American symbol";"";"";"";"";"";"";"";"";"";"";"";"";"";"";"";"19";"";"";"R";
"R89";"1k";"R-US_R1206";"R1206";"RESISTOR, American symbol";"";"";"";"";"";"";"";"";"";"";"";"";"";"";"";"19";"";"";"R";
"RESET_SW";"";"10-XX";"B3F-10XX";"OMRON SWITCH";"";"";"";"";"";"";"";"";"";"";"";"B3F-1000";"176432";"36M3542";"";"72";"";"";"";
"SL1";"";"M10S";"10P";"AMP QUICK CONNECTOR";"";"";"";"";"";"";"";"";"";"";"";"";"unknown";"unknown";"";"0";"";"";"";
"SL2";"";"M02";"02P";"AMP QUICK CONNECTOR";"";"";"";"";"";"";"";"";"";"";"";"";"unknown";"unknown";"";"33";"";"";"";
"SL3";"";"M04";"04P";"AMP QUICK CONNECTOR";"";"";"";"";"";"";"";"";"";"";"";"";"unknown";"unknown";"";"19";"";"";"";
"SL4";"";"M04";"04P";"AMP QUICK CONNECTOR";"";"";"";"";"";"";"";"";"";"";"";"";"unknown";"unknown";"";"19";"";"";"";
"SL5";"";"M04";"04P";"AMP QUICK CONNECTOR";"";"";"";"";"";"";"";"";"";"";"";"";"unknown";"unknown";"";"19";"";"";"";
"SL6";"";"M04";"04P";"AMP QUICK CONNECTOR";"";"";"";"";"";"";"";"";"";"";"";"";"unknown";"unknown";"";"19";"";"";"";
"SL7";"";"M05";"05P";"AMP QUICK CONNECTOR";"";"";"";"";"";"";"";"";"";"";"";"";"unknown";"unknown";"";"16";"";"";"";
"SL8";"";"M09";"09P";"AMP QUICK CONNECTOR";"";"";"";"";"";"";"";"";"";"";"";"";"unknown";"unknown";"";"6";"";"";"";
"SL9";"";"M03S";"03P";"AMP QUICK CONNECTOR";"";"";"";"";"";"";"";"";"";"";"";"";"unknown";"unknown";"";"0";"";"";"";
"SL10";"";"M02S";"02P";"AMP QUICK CONNECTOR";"";"";"";"";"";"";"";"";"";"";"";"";"unknown";"unknown";"";"0";"";"";"";
"SL13";"";"M02";"02P";"AMP QUICK CONNECTOR";"";"";"";"";"";"";"";"";"";"";"";"";"unknown";"unknown";"";"33";"";"";"";
"SL14";"";"M06";"06P";"AMP QUICK CONNECTOR";"";"";"";"";"";"";"";"";"";"";"";"";"unknown";"unknown";"";"5";"";"";"";
"SL15";"";"M06";"06P";"AMP QUICK CONNECTOR";"";"";"";"";"";"";"";"";"";"";"";"";"unknown";"unknown";"";"5";"";"";"";
"SL16";"";"M06";"06P";"AMP QUICK CONNECTOR";"";"";"";"";"";"";"";"";"";"";"";"";"unknown";"unknown";"";"5";"";"";"";
"SL17";"";"M05";"05P";"AMP QUICK CONNECTOR";"";"";"";"";"";"";"";"";"";"";"";"";"unknown";"unknown";"";"16";"";"";"";
"SL18";"";"M04";"04P";"AMP QUICK CONNECTOR";"";"";"";"";"";"";"";"";"";"";"";"";"unknown";"unknown";"";"19";"";"";"";
"SL19";"";"M07S";"07P";"AMP QUICK CONNECTOR";"";"";"";"";"";"";"";"";"";"";"";"";"unknown";"unknown";"";"0";"";"";"";
"SW";"SPPH410100";"SPPH410100";"SPPH410100";"Check prices";"";"";"Good";" Ring Type Encoder (ABC - three phase) • Number of Detent: 30 • Number of Pulse: 10 • Actuator Length: 15mm ";"";"";"";"ALPS";"";"";"SPPH410100";"";"";"";"None";"";"None";"https://pricing.snapeda.com/search/part/SPPH410100/?ref=eda";"";
"SWITCH";"SWITCH_I";"SWITCH_I";"SWITCH_I";"";"";"";"";"";"";"";"";"";"";"";"";"";"";"";"";"";"";"";"";
"T1";"TERMINAL_BLOCK";"TERMINAL_BLOCK";"BOC_TERMINAL";"";"";"";"";"";"";"";"";"";"";"";"";"";"";"";"";"";"";"";"";
"U$1";"RTC-DS3231-AT24C32";"RTC-DS3231-AT24C32";"RTC-DS3231-AT24C32";"RTC Module with Battery and EEPROM based on DS3231 and AT24C32 chips";"";"";"";"";"";"";"";"";"";"";"";"";"";"";"";"";"";"";"";
"U$2";"RS485-TTL-CONVERTER";"RS485-TTL-CONVERTER";"RS485-TTL-CONVERTER";"RS485 to TTL converter based on MAX485 chip";"";"";"";"";"";"";"";"";"";"";"";"";"";"";"";"";"";"";"";
"U$3";"DC-DC-STEP-DOWN-LM2596";"DC-DC-STEP-DOWN-LM2596";"DC-DC-STEP-DOWN-LM2596";"DC/DC Step-Down Regulator based on LM2596-ADJ chip";"";"";"";"";"";"";"";"";"";"";"";"";"";"";"";"";"";"";"";
"U$4";"DC-DC-STEP-DOWN-LM2596";"DC-DC-STEP-DOWN-LM2596";"DC-DC-STEP-DOWN-LM2596";"DC/DC Step-Down Regulator based on LM2596-ADJ chip";"";"";"";"";"";"";"";"";"";"";"";"";"";"";"";"";"";"";"";
"U$5";"CSIR_LOGO";"CSIR_LOGO";"CSIR_LOGO";"";"";"";"";"";"";"";"";"";"";"";"";"";"";"";"";"";"";"";"";
"U1";"MEGA_PRO_EMBED_CH340G_/_ATMEGA2560";"MEGA_PRO_EMBED_CH340G_/_ATMEGA2560";"MODULE_MEGA_PRO_EMBED_CH340G_/_ATMEGA2560";"Mega 2560 PRO (Embed) CH340G/ATmega2560-16AU";"";"";"Unavailable";" ";"";"";"";"Robotdyn";"";"";"Mega Pro Embed CH340G / ATmega2560";"";"";"";"Package ";"";"None";"";"";
"X1";"5mmTerminal_Block";"TERMINAL-BLOCK-3.5MM-2-PIN-LONG-PAD";"TERMINAL-BLOCK-2-PIN-3.5MM-LONG-PAD";"Terminal Block 3.5mm";"";"";"";"";"";"";"";"";"";"";"";"";"";"";"";"";"";"";"";
"X2";"5mmTerminal_Block";"TERMINAL-BLOCK-3.5MM-2-PIN-LONG-PAD";"TERMINAL-BLOCK-2-PIN-3.5MM-LONG-PAD";"Terminal Block 3.5mm";"";"";"";"";"";"";"";"";"";"";"";"";"";"";"";"";"";"";"";
"X3";"5mmTerminal_Block";"TERMINAL-BLOCK-3.5MM-2-PIN-LONG-PAD";"TERMINAL-BLOCK-2-PIN-3.5MM-LONG-PAD";"Terminal Block 3.5mm";"";"";"";"";"";"";"";"";"";"";"";"";"";"";"";"";"";"";"";
"X5";"TERMINAL-BLOCK-3.5MM-2-PIN-LONG-PAD";"TERMINAL-BLOCK-3.5MM-2-PIN-LONG-PAD";"TERMINAL-BLOCK-2-PIN-3.5MM-LONG-PAD";"Terminal Block 3.5mm";"";"";"";"";"";"";"";"";"";"";"";"";"";"";"";"";"";"";"";
"X6";"5mmTerminal_Block";"TERMINAL-BLOCK-3.5MM-2-PIN-LONG-PAD";"TERMINAL-BLOCK-2-PIN-3.5MM-LONG-PAD";"Terminal Block 3.5mm";"";"";"";"";"";"";"";"";"";"";"";"";"";"";"";"";"";"";"";
"X7";"5mmTerminal_Block";"TERMINAL-BLOCK-3.5MM-2-PIN-LONG-PAD";"TERMINAL-BLOCK-2-PIN-3.5MM-LONG-PAD";"Terminal Block 3.5mm";"";"";"";"";"";"";"";"";"";"";"";"";"";"";"";"";"";"";"";
"X8";"5mmTerminal_Block";"TERMINAL-BLOCK-3.5MM-2-PIN-LONG-PAD";"TERMINAL-BLOCK-2-PIN-3.5MM-LONG-PAD";"Terminal Block 3.5mm";"";"";"";"";"";"";"";"";"";"";"";"";"";"";"";"";"";"";"";
"X9";"5mmTerminal_Block";"TERMINAL-BLOCK-3.5MM-2-PIN-LONG-PAD";"TERMINAL-BLOCK-2-PIN-3.5MM-LONG-PAD";"Terminal Block 3.5mm";"";"";"";"";"";"";"";"";"";"";"";"";"";"";"";"";"";"";"";
"X10";"5mmTerminal_Block";"TERMINAL-BLOCK-3.5MM-2-PIN-LONG-PAD";"TERMINAL-BLOCK-2-PIN-3.5MM-LONG-PAD";"Terminal Block 3.5mm";"";"";"";"";"";"";"";"";"";"";"";"";"";"";"";"";"";"";"";
"X11";"5mmTerminal_Block";"TERMINAL-BLOCK-3.5MM-2-PIN-LONG-PAD";"TERMINAL-BLOCK-2-PIN-3.5MM-LONG-PAD";"Terminal Block 3.5mm";"";"";"";"";"";"";"";"";"";"";"";"";"";"";"";"";"";"";"";
"X12";"TERMINAL-BLOCK-3.5MM-2-PIN-LONG-PAD";"TERMINAL-BLOCK-3.5MM-2-PIN-LONG-PAD";"TERMINAL-BLOCK-2-PIN-3.5MM-LONG-PAD";"Terminal Block 3.5mm";"";"";"";"";"";"";"";"";"";"";"";"";"";"";"";"";"";"";"";
"X13";"TERMINAL-BLOCK-3.5MM-2-PIN-LONG-PAD";"TERMINAL-BLOCK-3.5MM-2-PIN-LONG-PAD";"TERMINAL-BLOCK-2-PIN-3.5MM-LONG-PAD";"Terminal Block 3.5mm";"";"";"";"";"";"";"";"";"";"";"";"";"";"";"";"";"";"";"";
"X14";"TERMINAL-BLOCK-3.5MM-2-PIN-LONG-PAD";"TERMINAL-BLOCK-3.5MM-2-PIN-LONG-PAD";"TERMINAL-BLOCK-2-PIN-3.5MM-LONG-PAD";"Terminal Block 3.5mm";"";"";"";"";"";"";"";"";"";"";"";"";"";"";"";"";"";"";"";
"X15";"TERMINAL-BLOCK-3.5MM-2-PIN-LONG-PAD";"TERMINAL-BLOCK-3.5MM-2-PIN-LONG-PAD";"TERMINAL-BLOCK-2-PIN-3.5MM-LONG-PAD";"Terminal Block 3.5mm";"";"";"";"";"";"";"";"";"";"";"";"";"";"";"";"";"";"";"";
"X16";"TERMINAL-BLOCK-3.5MM-2-PIN-LONG-PAD";"TERMINAL-BLOCK-3.5MM-2-PIN-LONG-PAD";"TERMINAL-BLOCK-2-PIN-3.5MM-LONG-PAD";"Terminal Block 3.5mm";"";"";"";"";"";"";"";"";"";"";"";"";"";"";"";"";"";"";"";
"X17";"TERMINAL-BLOCK-3.5MM-2-PIN-LONG-PAD";"TERMINAL-BLOCK-3.5MM-2-PIN-LONG-PAD";"TERMINAL-BLOCK-2-PIN-3.5MM-LONG-PAD";"Terminal Block 3.5mm";"";"";"";"";"";"";"";"";"";"";"";"";"";"";"";"";"";"";"";
"X18";"TERMINAL-BLOCK-3.5MM-2-PIN-LONG-PAD";"TERMINAL-BLOCK-3.5MM-2-PIN-LONG-PAD";"TERMINAL-BLOCK-2-PIN-3.5MM-LONG-PAD";"Terminal Block 3.5mm";"";"";"";"";"";"";"";"";"";"";"";"";"";"";"";"";"";"";"";
